date,line,machine,type,title,description,solution,createdAt,updatedAt,expectedInquiry
2023-01-05T09:30:00.000Z,assembly,motor,hardware,軸受け部の金属異音と振動,駆動系の振動が通常より大きく、軸受け部分から金属的な異音を確認。緊急対応として減速運転で対処。明日保全部に連絡予定。,軸受けの交換と潤滑油の補充を実施,2023-01-05T09:30:00.000Z,2023-01-05T09:30:00.000Z,電動回転パーツに普段と違う響きが聞こえる
2023-01-07T14:15:00.000Z,assembly,motor,hardware,ベアリング摩耗による異音,ベアリング摩耗の兆候あり。3号機モーター部から断続的な金属音を検知。回転数を下げて様子見。部品交換の準備を開始。,ベアリングの交換と定期点検スケジュールの見直し,2023-01-07T14:15:00.000Z,2023-01-07T14:15:00.000Z,電動回転パーツに普段と違う響きが聞こえる
2023-01-10T14:00:00.000Z,assembly,conveyor,hardware,冷却ファン固定ボルト緩みによる異常音,午後2時頃、A棟コンベア駆動モーターから異常音発生。点検したところ冷却ファンの固定ボルトが緩んでいたため増し締め実施。現在は正常運転中。,固定ボルトの増し締めと緩み止め剤の塗布,2023-01-10T14:00:00.000Z,2023-01-10T14:00:00.000Z,電動回転パーツに普段と違う響きが聞こえる
2023-02-15T11:20:00.000Z,machining,robot,hardware,関節部の摩擦による金属摩耗音,第二工場自動加工セクションのアーム関節から周期的な摩擦音が発生。精密部品の加工精度に影響が出始めているため、作業速度を70%に制限して対応中。,関節部の分解清掃とグリス再充填及びシール部品の交換,2023-02-15T11:20:00.000Z,2023-02-15T11:20:00.000Z,電動回転パーツに普段と違う響きが聞こえる
2023-03-08T08:45:00.000Z,painting,controller,hardware,送風機ローター不均衡による振動音,塗装ブース換気装置から不規則な振動音が発生。点検の結果、送風機ローターにコーティング剤の付着による不均衡を確認。この状態での継続運転はベアリング破損リスクあり。,ローターの洗浄と動的バランス調整、および定期清掃頻度の見直し,2023-03-08T08:45:00.000Z,2023-03-08T08:45:00.000Z,電動回転パーツに普段と違う響きが聞こえる
2023-01-15T10:45:00.000Z,machining,controller,hardware,油圧シリンダーのシール不良による作動油漏れ,油圧シリンダーのシール部から作動油が少量漏れていることを確認。床面に吸着マットを敷いて応急処置。明日シール交換予定。,シール部品の交換と漏れ箇所の清掃,2023-01-15T10:45:00.000Z,2023-01-15T10:45:00.000Z,なんらかの液体が流出している
2023-01-20T16:30:00.000Z,machining,controller,hardware,冷却水配管フランジ部の水漏れ,冷却水配管のフランジ部からの水漏れを発見。パッキン劣化が原因と思われる。応急処置として増し締めを行ったが完全には止まらず。B班に引継ぎ、明日交換作業予定。,フランジパッキンの交換と配管の点検,2023-01-20T16:30:00.000Z,2023-01-20T16:30:00.000Z,なんらかの液体が流出している
2023-01-25T11:20:00.000Z,painting,controller,hardware,塗装ブース溶剤タンクの溶剤漏れ,塗装ブースの溶剤タンク下部から微量の溶剤漏れを確認。安全のため周辺機器の運転を一時停止し、専門チームに連絡。漏洩箇所を特定し仮修理完了。,タンク接続部のシール交換と定期点検の強化,2023-01-25T11:20:00.000Z,2023-01-25T11:20:00.000Z,なんらかの液体が流出している
2023-02-02T09:10:00.000Z,assembly,controller,hardware,油圧ユニット配管接続部のオイル漏れ,第2生産ラインの油圧ユニットからのオイル漏れを発見。床にオイルが広がっており、吸着材で処理。漏れ箇所は配管接続部と判明。明日修理予定。,配管接続部の交換と締め付けトルクの再確認,2023-02-02T09:10:00.000Z,2023-02-02T09:10:00.000Z,なんらかの液体が流出している
2023-02-10T13:25:00.000Z,machining,controller,maintenance,冷却液循環系統からの液剤漏出,加工ラインで床面に青色の痕跡を発見。機械本体下部から冷却液が少量ずつ滴下していることを確認。ホースの接続部に微細なひび割れが発生し、圧力がかかった際に液体が噴出する状態になっていた。作業を一時中断し、該当箇所の清掃を実施。,劣化したホース全体の交換と接続部の固定具強化による恒久対策を実施。漏出防止用の受け皿を設置。,2023-02-10T13:25:00.000Z,2023-02-10T15:40:00.000Z,なんらかの液体が流出している
2023-02-07T13:45:00.000Z,assembly,controller,software,PLC過負荷警告の発生,PLC制御盤で過負荷警告が点灯。ロボットアームの動作時に過電流を検出。動作パターンを見直し、加速度を下げて対応。警告は消えたが、モーター負荷の監視を継続中。,動作プログラムの最適化とモーター負荷の定期監視,2023-02-07T13:45:00.000Z,2023-02-07T13:45:00.000Z,操作ユニットに予期せぬアラート表示が出ている
2023-02-12T15:30:00.000Z,assembly,controller,software,メイン制御盤ネットワーク障害,メイン制御盤のネットワークエラーランプ点灯。通信障害により自動運転モードが一時停止。システム再起動で復旧したが、原因調査のためログを保存。IT部門に連絡済み。,ネットワークケーブルの交換とファームウェアの更新,2023-02-12T15:30:00.000Z,2023-02-12T15:30:00.000Z,操作ユニットに予期せぬアラート表示が出ている
2023-02-18T10:15:00.000Z,machining,press,hardware,成型機ヒーター温度異常,成型機の温度警告ランプが点灯。ヒーター温度が設定値より15度高く検出。緊急停止後、温度センサーを点検したが異常なし。制御基板の故障の可能性あり。,制御基板の交換と温度センサーの校正,2023-02-18T10:15:00.000Z,2023-02-18T10:15:00.000Z,操作ユニットに予期せぬアラート表示が出ている
2023-03-22T08:15:00.000Z,packaging,controller,software,パッケージング設備インターフェース異常通知,製品包装工程中に監視パネルが予測外の警告信号を発信。シーケンス制御に遅延が生じ、一部のパッケージングプロセスが中断。システムログを確認したところ、ファームウェアとの互換性問題を特定。,最新バージョンへのソフトウェア更新と設定パラメータの最適化調整を実施,2023-03-22T08:15:00.000Z,2023-03-22T08:15:00.000Z,操作ユニットに予期せぬアラート表示が出ている
2023-04-05T14:30:00.000Z,inspection,sensor,hardware,検品ステーション表示モジュール誤作動,品質確認区域の判定表示器が不規則な通知を表示。製品判定に影響はないが、オペレーターが混乱。電源供給の不安定さを検出。バックアップシステムに切り替えて作業継続。,電源ユニットの交換と診断回路の再校正を実行,2023-04-05T14:30:00.000Z,2023-04-05T14:30:00.000Z,操作ユニットに予期せぬアラート表示が出ている
2023-02-23T09:00:00.000Z,machining,press,maintenance,金型摩耗による寸法不良増加,午前の生産ロットで寸法不良が例年より3%増加。金型の摩耗が原因と思われる。測定データを記録し、品質管理部に報告。金型交換の検討を依頼。,金型の交換と定期的な摩耗測定の実施,2023-02-23T09:00:00.000Z,2023-02-23T09:00:00.000Z,検品段階で合格とならないアイテムが増え始めた
2023-03-01T14:20:00.000Z,painting,sensor,maintenance,スプレーノズル目詰まりによる色ムラ不良,表面処理工程での色ムラ不良が増加傾向。スプレーノズルの目詰まりを発見し、洗浄作業を実施。洗浄後は正常だが、定期的な点検頻度を週1回から日次に変更。,ノズルの洗浄と日次点検の導入,2023-03-01T14:20:00.000Z,2023-03-01T14:20:00.000Z,検品段階で合格とならないアイテムが増え始めた
2023-03-06T11:30:00.000Z,machining,robot,maintenance,溶接電極摩耗による強度不足,溶接部の強度不足が検査で多数検出。調査の結果、電極の摩耗が進行していることが判明。全ての電極を交換し、溶接条件の再調整を行った。,電極の全数交換と溶接条件の最適化,2023-03-06T11:30:00.000Z,2023-03-06T11:30:00.000Z,検品段階で合格とならないアイテムが増え始めた
2023-03-10T13:00:00.000Z,machining,press,maintenance,金型クリアランス不良による精度不良,プレス工程での精度不良が急増。金型のクリアランス調整を行ったところ、一時的に改善。しかし根本的な解決には金型の再研磨が必要と判断。保全部に依頼済み。,金型の再研磨と定期的なクリアランス測定,2023-03-10T13:00:00.000Z,2023-03-10T13:00:00.000Z,検品段階で合格とならないアイテムが増え始めた
2023-03-15T16:45:00.000Z,assembly,sensor,hardware,コネクタ接触不良による機能検査不良,組立ライン終点での機能検査不良率が上昇。特に電気系統の導通不良が多い。コネクタ部の接触不良が原因と特定。部品メーカーに品質改善を申し入れ。,コネクタ部品の変更と検査工程の強化,2023-03-15T16:45:00.000Z,2023-03-15T16:45:00.000Z,検品段階で合格とならないアイテムが増え始めた
2023-03-20T09:30:00.000Z,assembly,conveyor,hardware,駆動チェーン破断による生産停止,コンベア駆動チェーンが破断し、ライン全体が緊急停止。バックアップチェーンを使用して仮復旧。2時間の生産中断発生。恒久対策として全チェーンの点検と交換計画を立案中。,全チェーンの交換と定期的な張力チェック,2023-03-20T09:30:00.000Z,2023-03-20T09:30:00.000Z,製造フローがストップしてしまった
2023-03-25T11:00:00.000Z,assembly,controller,software,システムフリーズによる全工程停止,制御システムがフリーズし、全工程が停止。システム再起動を試みたが復旧せず。システムベンダーの緊急対応で復旧。原因はメモリリークと判明。4時間の生産停止が発生。,システムソフトウェアの更新とメモリ増設,2023-03-25T11:00:00.000Z,2023-03-25T11:00:00.000Z,製造フローがストップしてしまった
2023-04-02T13:15:00.000Z,assembly,controller,hardware,コンプレッサー過熱で空圧供給停止,空圧システムのコンプレッサーが過熱により自動停止。冷却水の流量低下が原因と特定。フィルター詰まりを解消し復旧。生産再開までに1.5時間を要した。,冷却水フィルターの交換と流量センサーの設置,2023-04-02T13:15:00.000Z,2023-04-02T13:15:00.000Z,製造フローがストップしてしまった
2023-04-07T10:45:00.000Z,assembly,controller,hardware,瞬時電圧低下によるライン停止,第3組立ラインの電源系統に瞬時電圧低下が発生し、設備が全停止。安全確認後に順次再起動を実施。UPS導入の検討を開始。,UPSの導入と電源品質モニタリングの実施,2023-04-07T10:45:00.000Z,2023-04-07T10:45:00.000Z,製造フローがストップしてしまった
2023-05-12T08:45:00.000Z,machining,robot,hardware,アーム関節部故障による加工中断,精密切削工程中に自動操作機の可動接合部が固着。作業ラインが自動防護機能により稼働中止。技術班による緊急診断の結果、軸受け摩耗を確認。代替ユニットへの交換作業で3時間の工程遅延が発生。,接合部の完全交換と予防点検プログラムの強化,2023-05-12T08:45:00.000Z,2023-05-12T08:45:00.000Z,製造フローがストップしてしまった
2023-04-12T14:30:00.000Z,machining,press,maintenance,油圧圧力低下による成形機速度低下,射出成形機の動作速度が標準より15%低下。油圧システムの圧力を点検したところ設定値を下回っていた。フィルター交換とオイル補充で改善。,油圧フィルターの交換と定期的な圧力チェック,2023-04-12T14:30:00.000Z,2023-04-12T14:30:00.000Z,処理手順の進行速度が鈍化している
2023-04-18T09:15:00.000Z,assembly,robot,maintenance,位置決めセンサー感度低下によるスタッカークレーン速度低下,自動倉庫のスタッカークレーンの動作が緩慢になっている。位置決めセンサーの感度低下が原因と特定。センサー清掃と再調整を実施し、動作速度が回復。,センサーの清掃と感度調整、定期メンテナンスの追加,2023-04-18T09:15:00.000Z,2023-04-18T09:15:00.000Z,処理手順の進行速度が鈍化している
2023-04-23T11:30:00.000Z,painting,robot,maintenance,塗装ロボットの関節グリス切れ,塗装ロボットの動作速度低下を確認。アームの関節部分にグリス切れによる抵抗増大。給脂作業を実施し、動作チェックで正常値に戻ったことを確認。,関節部への給脂と定期的な潤滑計画の見直し,2023-04-23T11:30:00.000Z,2023-04-23T11:30:00.000Z,処理手順の進行速度が鈍化している
2023-05-10T10:45:00.000Z,inspection,conveyor,software,検査コンベア制御プログラムの応答遅延,製品検査エリアのコンベアが間欠的に遅延する症状が発生。制御プログラムの応答性が低下しており、特にピーク時間帯に顕著に現れる。システムログを確認したところ、メモリリークが発見された。,制御プログラムのアップデートを適用し、メモリ管理モジュールを最適化。システムの再起動スケジュールも設定し、長期運用時の安定性を向上させた。,2023-05-10T10:45:00.000Z,2023-05-10T10:45:00.000Z,処理手順の進行速度が鈍化している
2023-06-22T13:20:00.000Z,packaging,controller,hardware,包装機制御ユニットの熱暴走による動作緩慢,包装ラインの生産効率が午後から徐々に低下。制御ユニットのCPU温度が正常範囲を超え、自動的に周波数を下げて保護モードに入っていることが判明。冷却ファンの一部が故障していた。,冷却ファンの交換と放熱フィンの清掃を実施。また、制御盤内の通気改善のためダクト配置を修正し、温度モニタリングシステムを導入した。,2023-06-22T13:20:00.000Z,2023-06-22T13:20:00.000Z,処理手順の進行速度が鈍化している
2023-05-01T10:00:00.000Z,machining,controller,hardware,熱電対劣化による熱処理炉温度不足,熱処理炉の温度が設定値より30度低い状態が継続。熱電対の劣化を確認し交換。温度校正を行い、正常運転に復帰。影響を受けた製品はすべて再熱処理。,熱電対の交換と温度校正、定期的な精度確認,2023-05-01T10:00:00.000Z,2023-05-01T10:00:00.000Z,熱レベルが指定値から外れているようだ
2023-05-06T15:45:00.000Z,assembly,motor,hardware,冷却塔ファンベルト緩みによる冷却不良,冷却水の温度が上昇し、警告値に接近。冷却塔のファンベルトが緩んでいることを発見。ベルト張力調整を行い、温度が正常範囲に戻ったことを確認。,ファンベルトの張力調整と定期点検の実施,2023-05-06T15:45:00.000Z,2023-05-06T15:45:00.000Z,熱レベルが指定値から外れているようだ
2023-05-11T13:30:00.000Z,machining,controller,hardware,制御センサー位置ずれによる恒温槽温度変動,恒温槽の温度変動が大きくなっている。制御センサーの位置ずれを修正し、PIDパラメータの再調整を実施。安定性が向上したことを確認。,センサー位置の固定とPIDパラメータの最適化,2023-05-11T13:30:00.000Z,2023-05-11T13:30:00.000Z,熱レベルが指定値から外れているようだ
2023-07-15T09:30:00.000Z,painting,controller,hardware,塗装ブース温調器の断続的作動による環境温度異常,塗装ブース内の環境温度が規定範囲を上下に変動。温調器が断続的に作動し、安定した温度維持ができていないことを確認。配線接触不良が原因と特定。,温調器制御盤の配線接続部を再固定し、端子台の清掃実施。サーミスタの位置も最適化し、温度分布の均一性を向上させた。,2023-07-15T09:30:00.000Z,2023-07-15T09:30:00.000Z,熱レベルが指定値から外れているようだ
2023-08-03T14:15:00.000Z,inspection,sensor,maintenance,計測室温度センサー校正ずれによる品質検査精度低下,精密計測室の温度管理状況が不安定。基準器との比較で温度センサーに±2.5℃の校正ずれが発生していることを確認。環境条件が品質判定に影響を与えている可能性あり。,温度センサーの校正実施と監視システムの閾値再設定。室内の気流改善のため空調ダクト配置も調整し、温度分布の均一化を実現。,2023-08-03T14:15:00.000Z,2023-08-03T14:15:00.000Z,熱レベルが指定値から外れているようだ
2023-05-16T09:45:00.000Z,assembly,controller,unknown,主要部品A-355の在庫不足と納期遅延,主要部品A-355の在庫レベルが警告値を下回っている。発注済みだが、サプライヤーの生産遅延により納期遅れの連絡あり。代替部品の使用可否を設計部に確認中。,代替部品の承認取得と複数サプライヤーの開拓,2023-05-16T09:45:00.000Z,2023-05-16T09:45:00.000Z,調達用のリソースが足りなくなりそう
2023-05-21T14:15:00.000Z,painting,controller,unknown,特殊塗料の在庫切れによる生産計画変更,特殊塗料の在庫が明日で枯渇する見込み。緊急発注を行ったが、到着は3日後の予定。生産計画の組み替えを提案し、他の製品の前倒し生産を開始。,在庫管理システムの警告レベル見直しと安全在庫の増加,2023-05-21T14:15:00.000Z,2023-05-21T14:15:00.000Z,調達用のリソースが足りなくなりそう
2023-05-26T11:00:00.000Z,assembly,controller,operation,実在庫データ不一致によるアルミ材在庫不足,アルミ材の在庫不足に気づく。システム上は在庫ありだが、実際は欠品。棚卸し作業を実施し、在庫データを修正。緊急手配と入荷管理の徹底を指示。,定期的な実地棚卸しの実施と在庫管理システムの改善,2023-05-26T11:00:00.000Z,2023-05-26T11:00:00.000Z,調達用のリソースが足りなくなりそう
2023-06-10T08:30:00.000Z,machining,press,unknown,精密金属シートの入荷遅延予測,精密金属シートのメーカーから生産拠点の設備トラブルにより、次回納品が2週間遅延する連絡が入る。現在の製造計画では在庫が不十分となる見込み。代替サプライヤーの検討を開始。,代替サプライヤーからの緊急調達と生産スケジュールの一時的調整を実施。長期的には複数の調達先確保策を実施。,2023-06-10T08:30:00.000Z,2023-06-10T08:30:00.000Z,調達用のリソースが足りなくなりそう
2023-07-05T13:45:00.000Z,packaging,conveyor,operation,包装材消費量予測誤差による供給懸念,包装材の消費ペースが予測を15%上回っている状況を発見。原因調査の結果、新製品の包装プロセスでの材料ロスが計画より大きいことが判明。現在の供給契約では2週間後に不足する可能性。,包装工程の最適化によるロス削減と供給業者との契約数量の見直し。消費量モニタリングシステムの精度向上も実施。,2023-07-05T13:45:00.000Z,2023-07-05T13:45:00.000Z,調達用のリソースが足りなくなりそう
2023-06-02T10:30:00.000Z,machining,press,maintenance,アンカーボルト緩みによるプレス機振動,プレス機のアンカーボルトが緩み、通常より大きな振動を発生。作業を一時中断し、アンカーボルトの増し締めを実施。振動は改善したが、定期点検リストに追加。,アンカーボルトの増し締めと定期点検の追加,2023-06-02T10:30:00.000Z,2023-06-02T10:30:00.000Z,マシンが激しく揺れているように感じる
2023-06-07T13:45:00.000Z,assembly,robot,maintenance,チャック爪摩耗による旋盤振動,旋盤の主軸回転時に異常振動が発生。チャックの爪が摩耗していることを確認。チャック交換を実施し、振動レベルが許容値内に戻ったことを確認。,チャックの交換と定期的な摩耗チェックの実施,2023-06-07T13:45:00.000Z,2023-06-07T13:45:00.000Z,マシンが激しく揺れているように感じる
2023-08-12T11:20:00.000Z,inspection,conveyor,hardware,ベアリング磨耗による搬送装置の不安定動作,検査ラインの搬送装置が不規則な動きを示し始め、製品位置ずれが発生。診断の結果、主要ベアリングの著しい磨耗が原因と特定。長期間のメンテナンス未実施により進行した事象。,磨耗したベアリングの交換と周辺支持構造の調整。潤滑システムの改善とベアリング寿命監視プログラムの導入。,2023-08-12T11:20:00.000Z,2023-08-12T11:20:00.000Z,マシンが激しく揺れているように感じる
2023-09-05T09:40:00.000Z,painting,motor,hardware,塗装ミキサーの回転子バランス不良による機械的動揺,塗装材料ミキサーから異常な機械的動揺が発生。分析の結果、回転子のバランスウェイトが一部脱落し、高速回転時に遠心力による不均衡状態が生じていることが判明。,回転子の再バランシング作業を実施し、バランスウェイトの固定方法を改良。また、始動前点検手順に動的バランス確認項目を追加。,2023-09-05T09:40:00.000Z,2023-09-05T09:40:00.000Z,マシンが激しく揺れているように感じる
2023-10-18T14:30:00.000Z,packaging,robot,maintenance,梱包ロボットの関節部固定ボルト弛緩による稼働不安定,梱包工程のロボットアームが高速動作時に不安定な挙動を示す。診断により第2関節および第3関節の固定ボルトが徐々に弛緩していることが判明。繰り返し荷重によるものと推測。,関節部固定ボルトの適正トルクでの締め直しと緩み止め剤の塗布。また、振動解析による早期検知システムを導入し、定期点検頻度を増加。,2023-10-18T14:30:00.000Z,2023-10-18T14:30:00.000Z,マシンが激しく揺れているように感じる
